own_pending_for_broadcast_,pending_for_delivery_,delivered_,acks_
125,2,0,0
125,110,0,110
125,116,0,116
125,119,0,119
125,126,0,126
125,131,0,131
125,131,0,131
125,132,0,132
125,134,0,134
125,144,0,144
125,146,0,146
125,146,0,146
125,150,0,150
125,151,0,151
125,153,0,153
125,153,0,153
125,168,0,168
125,170,0,170
125,106,3,106
123,77,0,75
123,81,0,81
123,84,0,84
123,85,0,85
123,85,0,85
123,85,0,85
123,97,0,97
123,109,0,109
123,111,0,111
123,105,0,105
123,105,0,105
123,118,0,118
123,125,0,125
123,131,0,131
123,133,0,133
123,135,0,135
123,135,0,135
123,135,0,135
123,135,0,135
123,135,0,135
123,136,0,136
123,137,0,137
123,192,0,192
123,184,0,184
123,186,0,186
123,183,0,183
123,189,0,189
123,196,0,196
123,197,0,197
123,197,0,197
123,197,0,197
123,197,0,197
123,214,0,214
123,212,0,212
123,216,0,216
123,214,0,214
123,222,0,222
123,222,0,222
123,222,0,222
123,222,0,222
123,229,0,229
123,236,0,236
123,239,0,239
123,235,1,235
123,237,1,237
123,237,1,237
123,238,1,238
123,238,1,238
123,240,1,240
123,243,1,243
123,234,0,234
123,235,0,235
123,233,0,233
123,234,0,234
123,235,0,235
123,233,0,233
123,238,0,238
123,237,1,237
123,238,1,238
123,232,0,232
123,226,0,226
123,230,0,230
123,231,0,231
123,231,0,231
123,233,0,233
123,227,0,227
123,222,0,222
123,224,0,224
123,222,1,222
123,222,1,222
123,229,1,229
123,229,1,229
123,233,0,233
123,240,0,240
123,241,0,241
123,243,0,243
123,243,0,243
123,237,0,237
123,237,0,237
123,237,0,237
123,238,0,238
123,242,0,242
123,242,0,242
123,243,0,243
123,243,0,243
123,245,0,245
123,245,0,245
123,249,0,249
123,250,0,250
123,249,0,249
123,249,0,249
123,254,0,254
123,253,0,253
123,256,0,256
121,242,0,239
121,237,1,237
121,218,2,218
121,219,2,219
121,219,2,219
121,220,2,220
121,220,2,220
121,236,2,236
121,198,2,198
121,173,2,173
121,162,3,162
121,162,3,162
121,163,3,163
121,140,2,140
121,141,2,141
121,138,1,138
121,141,1,141
121,132,0,132
121,134,0,134
121,137,0,137
121,137,0,137
121,131,1,131
121,133,1,133
121,134,1,134
121,135,1,135
121,147,1,147
121,142,2,142
121,140,0,140
121,145,0,145
121,150,0,150
121,151,0,151
121,158,0,158
121,164,0,164
121,164,0,164
121,166,0,166
121,167,0,167
121,167,0,167
121,167,0,167
121,168,0,168
121,170,0,170
121,179,0,179
121,177,0,177
121,178,0,178
121,178,0,178
121,178,0,178
121,175,0,175
121,186,0,186
121,186,0,186
121,182,0,182
121,177,0,177
121,168,0,168
121,175,0,175
121,175,0,175
121,176,0,176
121,171,1,171
121,176,1,176
121,176,1,176
121,176,1,176
121,178,1,178
121,179,1,179
121,179,0,179
121,180,0,180
121,186,0,186
121,187,0,187
121,185,1,185
121,185,1,185
121,188,1,188
121,188,1,188
121,188,1,188
121,188,1,188
121,189,1,189
121,195,1,195
121,195,1,195
121,196,1,196
121,196,1,196
121,196,1,196
121,196,1,196
121,206,1,206
121,213,1,213
121,211,1,211
121,213,1,213
121,213,1,213
121,214,1,214
121,214,1,214
121,215,1,215
121,215,1,215
121,215,1,215
121,218,1,218
121,218,1,218
121,218,1,218
121,218,1,218
121,218,1,218
121,218,1,218
121,218,1,218
121,218,1,218
121,220,1,220
121,238,1,238
121,237,0,237
121,237,0,237
121,238,0,238
121,235,1,235
121,238,1,238
121,233,0,233
121,239,0,239
121,239,0,239
121,239,0,239
121,239,0,239
121,239,0,239
121,239,0,239
121,239,0,239
121,239,0,239
121,240,0,240
121,250,0,250
121,250,0,250
121,250,0,250
121,250,0,250
121,250,0,250
121,252,0,252
121,252,0,252
121,253,0,253
121,266,0,266
121,270,0,270
121,267,0,267
121,268,0,268
121,268,0,268
121,268,0,268
121,273,0,273
121,275,0,275
121,273,0,273
121,279,0,279
121,277,0,277
121,275,0,275
121,275,0,275
121,268,1,268
121,268,1,268
121,268,1,268
121,268,1,268
121,281,1,281
121,286,1,286
121,286,0,286
121,289,0,289
121,291,0,291
121,297,0,297
121,296,1,296
121,296,1,296
121,296,1,296
121,296,1,296
121,305,1,305
120,303,4,302
120,304,4,304
119,299,1,298
119,299,1,299
119,299,1,299
119,299,1,299
119,300,1,300
119,304,0,304
119,305,0,305
119,305,0,305
119,306,0,306
119,307,0,307
119,305,1,305
119,319,1,319
119,312,2,312
119,295,2,295
119,295,2,295
119,296,2,296
119,296,2,296
119,296,2,296
119,296,2,296
119,290,2,290
119,289,3,289
119,289,3,289
119,289,3,289
119,289,3,289
119,295,3,295
119,288,3,288
119,289,3,289
119,289,3,289
119,289,3,289
119,296,3,296
119,300,4,300
119,293,7,293
119,303,7,303
119,303,7,303
119,304,7,304
119,304,7,304
119,305,7,305
119,305,7,305
119,316,7,316
119,311,3,311
119,311,3,311
119,302,3,302
119,316,3,316
119,312,3,312
119,304,3,304
119,307,3,307
119,307,3,307
119,307,3,307
119,307,3,307
119,308,3,308
119,308,3,308
119,313,3,313
119,307,4,307
119,305,4,305
119,290,1,290
119,289,0,289
119,278,0,278
119,278,0,278
119,281,0,281
119,284,0,284
119,290,0,290
119,291,0,291
119,293,0,293
119,294,0,294
119,294,0,294
119,296,0,296
119,289,0,289
119,288,1,288
119,288,1,288
119,288,1,288
119,289,1,289
119,276,1,276
119,276,1,276
119,284,1,284
119,284,1,284
119,284,1,284
119,286,1,286
119,281,0,281
119,280,0,280
119,293,0,293
119,289,0,289
119,289,0,289
119,290,0,290
119,290,0,290
119,299,0,299
119,299,0,299
119,301,0,301
119,302,0,302
119,307,0,307
119,308,0,308
119,306,1,306
119,307,1,307
119,307,1,307
119,308,1,308
119,307,1,307
119,307,1,307
119,308,1,308
119,309,1,309
119,309,1,309
119,316,1,316
119,316,1,316
119,316,1,316
119,316,1,316
119,316,1,316
119,316,1,316
119,316,1,316
119,318,1,318
119,312,0,312
119,313,0,313
119,317,0,317
119,317,0,317
119,318,0,318
119,318,0,318
119,319,0,319
119,320,0,320
119,320,0,320
119,320,0,320
119,321,0,321
119,328,0,328
119,328,0,328
119,329,0,329
119,331,0,331
119,331,0,331
119,333,0,333
119,340,0,340
119,340,0,340
119,343,0,343
119,343,0,343
119,341,0,341
119,343,0,343
119,338,1,338
119,342,1,342
119,343,1,343
119,346,1,346
119,346,1,346
119,346,1,346
119,346,1,346
119,346,1,346
119,347,1,347
119,347,1,347
119,347,1,347
119,354,1,354
119,354,1,354
119,355,1,355
119,365,1,365
119,341,5,341
119,328,6,328
119,327,6,327
119,324,5,324
119,325,5,325
117,304,4,302
117,304,4,304
117,304,4,304
117,305,4,305
117,286,4,286
117,286,4,286
117,286,4,286
117,286,4,286
117,285,3,285
117,285,3,285
117,285,3,285
117,286,3,286
117,286,3,286
117,286,3,286
117,286,3,286
117,286,3,286
117,286,3,286
117,286,3,286
117,286,3,286
117,295,3,295
117,306,3,306
117,309,4,309
117,299,5,299
117,295,5,295
117,295,5,295
117,295,5,295
117,280,11,280
117,280,11,280
117,280,11,280
117,287,11,287
117,293,10,293
117,263,5,263
117,268,5,268
117,261,3,261
117,258,2,258
117,263,2,263
117,266,2,266
117,263,2,263
117,263,2,263
117,265,2,265
117,265,2,265
117,268,2,268
117,268,2,268
117,268,2,268
117,269,2,269
117,271,2,271
117,269,3,269
117,270,3,270
117,256,3,256
117,258,3,258
117,252,1,252
117,252,1,252
117,252,1,252
117,252,1,252
117,252,1,252
117,261,1,261
117,262,1,262
117,253,2,253
117,246,0,246
117,247,0,247
117,248,0,248
117,248,0,248
117,248,0,248
117,253,0,253
117,252,0,252
117,250,0,250
117,250,0,250
117,251,0,251
117,256,0,256
117,257,0,257
117,258,0,258
117,264,0,264
117,264,0,264
117,264,0,264
117,269,0,269
117,267,0,267
117,267,0,267
117,273,0,273
117,268,2,268
117,268,2,268
117,268,2,268
117,258,2,258
117,265,2,265
117,267,2,267
117,268,0,268
117,271,0,271
117,276,0,276
117,276,0,276
117,276,0,276
117,272,0,272
117,272,0,272
117,276,0,276
117,276,0,276
117,277,0,277
117,277,0,277
117,277,0,277
117,279,0,279
117,284,0,284
117,285,0,285
117,286,1,286
117,267,0,267
117,272,0,272
117,273,0,273
117,259,1,259
117,265,1,265
117,265,1,265
117,258,0,258
117,257,0,257
117,257,0,257
117,257,0,257
117,257,0,257
117,255,1,255
117,255,1,255
117,258,1,258
117,259,1,259
117,260,1,260
117,260,1,260
117,255,1,255
117,255,1,255
117,255,1,255
117,266,1,266
117,266,1,266
117,266,1,266
117,266,1,266
117,266,1,266
117,266,1,266
117,267,1,267
117,272,1,272
117,267,1,267
117,247,3,247
117,232,1,232
117,232,1,232
117,232,1,232
117,232,1,232
117,233,1,233
117,234,1,234
117,234,1,234
117,235,1,235
117,235,1,235
117,235,1,235
117,240,1,240
117,240,1,240
117,240,1,240
117,240,1,240
117,241,1,241
117,246,1,246
117,243,0,243
117,247,0,247
117,251,0,251
117,250,0,250
117,244,0,244
117,245,0,245
117,246,0,246
117,246,0,246
117,246,0,246
117,246,0,246
117,246,0,246
117,252,0,252
117,245,2,245
115,237,1,235
115,230,2,230
115,230,2,230
115,230,2,230
115,216,4,216
115,216,4,216
115,216,4,216
115,217,4,217
115,218,4,218
115,204,7,204
115,204,6,204
115,204,6,204
115,204,6,204
115,205,6,205
115,191,3,191
115,193,3,193
115,190,4,190
115,190,4,190
115,185,1,185
115,185,1,185
115,185,1,185
115,185,1,185
115,187,1,187
115,192,1,192
115,186,0,186
115,186,0,186
115,186,0,186
115,186,0,186
115,186,0,186
115,193,0,193
115,183,0,183
115,180,0,180
115,179,1,179
115,173,3,173
115,174,3,174
115,150,4,150
115,151,4,151
115,132,4,132
115,136,4,136
115,124,3,124
115,125,3,125
115,129,3,129
115,121,0,121
115,119,0,119
115,119,0,119
115,118,0,118
115,119,0,119
115,120,0,120
115,115,0,115
115,115,0,115
115,115,0,115
115,114,0,114
115,114,0,114
115,115,0,115
115,127,0,127
115,123,0,123
115,123,0,123
115,123,0,123
115,123,0,123
115,125,0,125
115,126,0,126
115,133,0,133
115,134,0,134
115,135,0,135
115,145,0,145
115,143,0,143
115,143,0,143
115,145,0,145
115,139,2,139
115,140,2,140
115,150,2,150
115,150,2,150
115,150,2,150
115,150,2,150
115,151,2,151
115,154,2,154
115,143,0,143
115,143,0,143
115,143,0,143
115,144,0,144
115,148,0,148
115,149,0,149
115,144,1,144
115,145,1,145
115,145,1,145
115,146,1,146
115,146,0,146
115,147,0,147
115,147,0,147
115,152,0,152
115,152,0,152
115,153,0,153
115,153,0,153
115,153,0,153
115,149,0,149
115,149,0,149
115,155,0,155
115,154,0,154
115,154,0,154
115,155,0,155
115,157,0,157
115,166,0,166
115,163,0,163
115,167,0,167
115,163,0,163
115,163,0,163
115,160,0,160
115,161,0,161
115,166,0,166
115,163,0,163
115,157,1,157
115,164,1,164
115,160,0,160
115,160,0,160
115,160,0,160
115,160,0,160
115,160,0,160
115,164,0,164
115,165,0,165
115,165,0,165
115,165,0,165
115,165,0,165
115,166,0,166
115,166,0,166
115,174,0,174
115,175,0,175
115,177,0,177
115,177,0,177
115,177,0,177
115,177,0,177
115,178,0,178
115,178,0,178
115,178,0,178
115,178,0,178
115,178,0,178
115,178,0,178
115,178,0,178
115,179,0,179
115,179,0,179
115,179,0,179
115,188,0,188
115,188,0,188
115,194,0,194
115,194,0,194
115,194,0,194
115,195,0,195
113,192,0,190
113,193,0,193
113,193,0,193
113,194,0,194
113,195,0,195
113,195,0,195
113,195,0,195
113,196,0,196
113,196,0,196
113,196,0,196
113,196,0,196
113,196,0,196
113,196,0,196
113,196,0,196
113,196,0,196
113,196,0,196
113,196,0,196
113,196,0,196
113,196,0,196
113,196,0,196
113,197,0,197
113,198,0,198
113,220,0,220
113,217,0,217
113,219,0,219
113,221,0,221
113,219,0,219
113,219,0,219
113,216,0,216
113,215,0,215
113,215,0,215
113,216,0,216
113,216,0,216
113,216,0,216
113,216,0,216
113,218,0,218
113,219,0,219
113,219,0,219
113,219,0,219
113,225,0,225
113,225,0,225
113,226,0,226
113,226,0,226
113,226,0,226
113,229,0,229
113,229,0,229
113,230,0,230
113,230,0,230
113,232,0,232
113,233,0,233
113,240,0,240
113,241,0,241
113,241,0,241
113,241,0,241
113,243,0,243
113,243,0,243
113,240,0,240
113,241,0,241
113,236,0,236
113,240,0,240
113,240,0,240
113,240,0,240
113,240,0,240
113,236,1,236
113,224,4,224
113,213,4,213
113,213,4,213
113,213,4,213
113,213,5,213
113,220,5,220
113,221,5,221
113,217,2,217
113,209,2,209
113,209,2,209
113,210,2,210
113,217,2,217
113,211,1,211
113,197,1,197
113,197,1,197
113,198,1,198
113,198,1,198
113,203,1,203
113,203,1,203
113,203,1,203
113,203,1,203
113,203,1,203
113,204,1,204
113,194,2,194
113,199,2,199
113,191,0,191
113,191,0,191
113,199,0,199
113,197,0,197
113,197,0,197
113,197,0,197
113,198,0,198
113,198,0,198
113,198,0,198
113,200,0,200
113,199,0,199
113,199,0,199
113,199,0,199
113,201,0,201
113,201,0,201
113,201,0,201
113,201,0,201
113,201,0,201
113,201,0,201
113,201,0,201
113,201,0,201
113,201,0,201
113,196,0,196
113,196,0,196
113,227,0,227
113,228,0,228
113,223,1,223
113,223,1,223
113,230,1,230
113,230,1,230
113,230,1,230
113,230,1,230
113,230,1,230
113,231,1,231
113,231,1,231
113,231,1,231
113,231,1,231
113,231,1,231
113,237,1,237
113,234,0,234
113,234,0,234
113,234,0,234
113,247,0,247
113,247,0,247
113,247,0,247
113,248,0,248
113,248,0,248
113,250,0,250
113,268,0,268
113,267,0,267
113,267,0,267
113,267,0,267
113,267,0,267
113,268,0,268
113,264,0,264
113,271,0,271
113,263,1,263
113,263,1,263
113,263,1,263
113,261,2,261
113,261,2,261
113,262,2,262
113,257,0,257
113,257,0,257
113,258,0,258
113,258,0,258
113,258,0,258
113,259,0,259
113,254,1,254
113,254,1,254
113,254,1,254
113,255,1,255
113,257,1,257
113,262,1,262
113,256,0,256
113,256,0,256
113,262,0,262
113,261,0,261
113,264,0,264
113,267,0,267
113,266,0,266
113,266,0,266
113,266,0,266
113,266,0,266
113,266,0,266
113,266,0,266
113,264,0,264
113,265,0,265
113,264,0,264
113,261,2,261
113,265,2,265
113,263,2,263
111,252,2,250
111,252,2,252
111,252,2,252
111,253,2,253
111,258,2,258
111,242,3,242
111,242,3,242
111,231,2,231
111,231,2,231
111,231,2,231
111,231,2,231
111,233,2,233
111,233,2,233
111,233,2,233
111,233,2,233
111,247,2,247
111,247,2,247
111,247,2,247
111,247,2,247
111,240,0,240
111,244,0,244
111,247,0,247
111,247,0,247
111,248,0,248
111,248,0,248
111,249,0,249
111,249,0,249
111,249,0,249
111,249,0,249
111,250,0,250
111,253,0,253
111,253,0,253
111,253,0,253
111,254,0,254
111,255,0,255
111,255,0,255
111,254,0,254
111,253,0,253
111,248,1,248
111,248,1,248
111,249,1,249
111,249,1,249
111,250,1,250
111,250,2,250
111,261,2,261
111,257,3,257
111,258,3,258
111,234,0,234
111,235,0,235
111,243,0,243
111,237,0,237
111,237,0,237
111,237,0,237
111,238,0,238
111,238,0,238
111,241,0,241
111,247,0,247
111,243,0,243
111,243,0,243
111,244,0,244
111,244,0,244
111,244,0,244
111,245,0,245
111,245,0,245
111,250,0,250
111,251,0,251
111,243,1,243
111,243,1,243
111,243,1,243
111,243,1,243
111,244,1,244
111,258,1,258
111,261,0,261
111,261,0,261
111,261,0,261
111,262,0,262
111,263,0,263
111,259,0,259
111,248,1,248
111,250,1,250
111,249,1,249
111,250,1,250
111,244,1,244
111,244,1,244
111,244,1,244
111,250,1,250
111,230,2,230
111,230,2,230
111,234,3,234
111,208,5,208
111,210,5,210
111,212,5,212
111,204,5,204
111,204,5,204
111,191,3,191
111,194,3,194
111,194,3,194
111,174,0,174
111,175,0,175
111,174,0,174
111,172,0,172
111,172,0,172
111,173,0,173
111,171,0,171
111,173,0,173
111,173,0,173
111,178,0,178
111,179,0,179
111,179,0,179
111,180,0,180
111,174,1,174
111,174,1,174
111,174,1,174
111,174,1,174
111,178,1,178
111,178,1,178
111,184,1,184
111,182,0,182
111,182,0,182
111,182,0,182
111,182,0,182
111,180,0,180
111,180,0,181
111,184,0,184
111,182,0,182
111,178,0,178
111,178,0,178
111,178,0,178
111,174,1,174
111,171,0,171
111,171,0,171
111,165,1,165
111,166,1,166
111,166,1,166
111,166,1,166
111,166,1,166
111,166,1,166
111,168,1,168
111,173,1,173
111,173,1,173
111,173,1,173
111,177,1,177
111,178,1,178
109,171,1,168
109,176,1,176
109,176,1,176
109,176,1,176
109,177,1,177
109,179,2,179
109,179,2,179
109,179,2,179
109,180,2,180
109,180,2,180
109,180,2,180
109,181,2,181
109,177,1,177
109,183,1,183
109,186,1,186
109,187,1,187
109,187,1,187
109,188,1,188
109,189,0,189
109,190,0,190
109,191,0,191
109,191,0,191
109,196,0,196
109,196,0,196
109,198,0,198
109,194,0,194
109,193,0,193
109,194,0,194
109,194,0,194
109,196,0,196
109,197,0,197
109,197,0,197
109,202,0,202
109,202,0,202
109,202,0,202
109,202,0,202
109,202,0,202
109,203,0,203
109,203,0,203
109,203,0,203
109,203,0,203
109,203,0,203
109,203,0,203
109,203,0,203
109,203,0,203
109,203,0,203
109,203,0,203
109,204,0,204
109,203,0,203
109,204,0,204
109,227,0,227
109,227,0,227
109,227,0,227
109,227,0,227
109,227,0,227
109,227,0,228
109,230,0,230
109,231,0,231
109,216,0,216
109,216,0,216
109,216,0,216
109,218,0,218
109,218,0,218
109,219,0,219
109,220,0,220
109,220,0,220
109,220,0,220
109,220,0,220
109,224,0,224
109,225,0,225
109,225,0,225
109,225,0,225
109,227,0,227
109,227,0,227
109,230,0,230
109,230,0,230
109,231,0,231
109,231,0,231
109,231,0,231
109,232,0,232
109,238,0,238
109,229,1,229
109,228,1,228
109,228,1,228
109,232,1,232
109,221,1,221
109,205,2,205
109,205,2,205
109,205,2,205
109,205,2,205
109,189,0,189
109,189,0,189
109,189,0,189
109,194,0,194
109,186,0,186
109,186,0,186
109,186,0,186
109,187,0,187
109,187,0,187
109,187,0,187
109,185,0,185
109,185,0,185
109,185,0,185
109,196,0,196
109,198,0,198
109,198,0,198
109,197,0,197
109,191,0,191
109,183,3,183
109,184,3,184
109,179,0,179
109,178,0,178
109,182,0,182
109,182,0,182
109,182,0,182
109,182,0,182
109,182,0,182
109,189,0,189
109,187,1,187
109,187,1,187
109,187,1,187
109,188,1,188
109,188,1,188
109,188,1,188
109,188,1,188
109,188,1,188
109,191,1,191
109,198,0,198
109,197,0,197
109,198,0,198
109,198,0,198
109,198,0,198
109,199,0,199
109,203,0,203
109,203,0,203
109,203,0,203
109,204,0,204
109,204,0,204
109,204,0,204
109,212,0,212
109,210,0,210
109,210,0,210
109,211,0,211
109,212,0,212
109,219,0,219
109,218,0,218
109,207,0,207
109,207,0,207
109,207,0,207
109,208,0,208
109,208,0,208
109,208,0,208
109,208,0,208
109,208,0,208
109,202,0,202
109,203,0,203
109,200,0,200
109,200,0,200
109,200,0,200
109,200,0,200
109,201,0,201
109,201,0,201
109,201,0,201
109,210,0,210
109,210,0,210
109,210,0,210
109,210,0,210
109,210,0,210
109,221,0,221
109,221,0,221
109,230,0,230
108,221,0,220
108,221,0,221
108,221,0,221
108,221,0,221
108,221,0,221
108,223,0,223
107,218,0,217
107,218,0,218
107,226,0,226
107,224,0,224
107,225,0,225
107,225,0,225
107,225,0,225
107,225,0,225
107,225,0,225
107,232,0,232
107,229,0,229
107,228,1,228
107,228,1,228
107,228,1,228
107,228,1,228
107,228,1,228
107,228,1,228
107,235,1,235
107,235,1,235
107,243,1,243
107,240,0,240
107,240,0,240
107,245,0,245
107,245,0,245
107,242,0,242
107,242,0,242
107,243,0,243
107,243,0,243
107,246,0,246
107,246,0,246
107,250,0,250
107,250,0,250
107,251,0,251
107,251,0,251
107,251,0,251
107,254,0,254
107,254,0,254
107,254,0,254
107,254,0,254
107,254,0,254
107,254,0,254
107,258,0,258
107,258,0,258
107,258,0,258
107,251,0,251
107,247,1,247
107,247,1,247
107,255,1,255
107,255,1,255
107,255,1,255
107,255,1,255
107,258,1,258
107,254,0,254
107,255,0,255
107,262,0,262
107,266,0,266
107,266,0,266
107,267,0,267
107,267,0,267
107,267,0,267
107,268,0,268
107,268,0,268
107,274,0,274
107,275,0,275
107,269,0,269
107,271,0,271
107,271,0,271
107,263,0,263
107,263,0,263
107,263,0,263
107,263,0,263
107,264,0,264
107,264,0,264
107,266,0,266
107,266,0,266
107,265,0,265
107,265,0,265
107,265,0,265
107,265,0,265
107,268,0,268
107,268,0,268
107,269,0,269
107,269,0,269
107,270,0,270
107,270,0,270
107,271,0,271
107,271,0,271
107,271,0,271
107,271,0,271
107,271,0,271
107,276,0,276
107,280,0,280
107,282,0,282
107,287,0,287
107,283,1,283
107,284,1,284
107,284,1,284
107,284,1,284
107,284,1,284
107,284,1,284
107,284,1,284
107,285,1,285
107,293,1,293
107,294,1,294
107,294,1,294
107,294,1,294
107,294,1,294
107,294,1,294
107,294,1,294
107,295,1,295
107,295,1,295
107,296,1,296
107,296,1,296
107,296,1,296
107,297,1,297
107,297,1,297
107,303,1,303
107,302,1,302
107,291,1,291
107,291,1,291
107,291,1,291
107,292,1,292
107,292,1,292
107,295,1,295
107,296,1,296
107,295,1,295
107,296,1,296
107,299,1,299
107,305,1,305
107,305,1,305
107,306,1,306
107,311,1,311
107,305,1,305
107,305,1,305
107,305,1,305
107,309,1,309
107,310,1,310
107,310,1,310
107,310,1,310
107,317,1,317
107,317,1,317
107,317,1,317
107,318,1,318
107,320,1,320
107,320,1,320
107,320,1,320
107,327,1,327
107,334,1,334
107,334,1,334
107,334,1,334
107,335,1,335
107,335,1,335
107,335,1,335
107,348,1,348
107,348,1,348
107,348,1,348
107,348,1,348
107,348,1,348
107,348,1,348
107,348,1,348
107,350,1,350
107,354,1,354
107,354,1,354
107,347,1,347
107,347,1,347
107,347,1,347
107,348,1,348
107,350,1,350
107,350,1,350
107,351,1,351
107,351,1,351
107,351,1,351
107,351,1,351
107,351,1,351
107,361,1,361
107,347,0,347
107,347,0,347
107,348,0,348
107,335,1,335
107,337,1,337
107,331,1,331
107,331,1,331
107,332,1,332
107,332,1,332
107,333,1,333
106,324,2,323
106,315,4,315
106,316,4,316
106,316,4,316
106,317,4,317
105,279,8,278
105,280,8,280
105,255,4,255
105,246,4,246
105,247,4,247
105,241,3,241
105,241,3,241
105,241,3,241
105,241,3,241
105,241,3,241
105,241,3,241
105,241,3,241
105,241,3,241
105,241,3,241
105,241,3,241
105,242,3,242
105,235,5,235
105,236,5,236
105,248,6,248
105,248,6,248
105,248,6,248
105,248,6,248
105,242,3,242
105,244,3,244
105,244,3,244
105,250,3,250
105,251,3,251
105,251,3,251
105,229,2,229
105,213,0,213
105,213,0,213
105,216,0,216
105,214,0,214
105,211,0,211
105,211,0,211
105,211,0,211
105,212,0,212
105,213,0,213
105,211,0,211
105,211,0,211
105,212,0,212
105,215,0,215
105,215,0,215
105,215,0,215
105,216,0,216
105,216,0,216
105,219,0,219
105,220,0,220
105,220,0,220
105,220,0,220
105,221,0,221
105,222,0,222
105,223,0,223
105,221,0,221
105,221,0,221
105,221,0,221
105,221,0,221
105,227,0,227
105,227,0,227
105,227,0,227
105,226,1,226
105,226,1,226
105,229,1,229
105,230,1,230
105,230,1,230
105,230,1,230
105,230,1,230
105,240,1,240
105,227,1,227
105,229,1,229
105,229,1,229
105,230,1,230
105,230,1,230
105,230,1,230
105,232,1,232
105,234,1,234
105,228,1,228
105,228,1,228
105,225,0,225
105,224,1,224
105,224,1,224
105,224,1,224
105,224,1,224
105,230,1,230
105,225,0,225
105,226,0,226
105,224,0,224
105,224,0,224
105,224,0,224
105,224,0,224
105,230,0,230
105,230,0,230
105,238,0,238
105,238,0,238
105,238,0,238
105,239,0,239
105,239,0,239
105,242,0,242
105,238,0,238
105,238,0,238
105,238,0,238
105,242,0,242
105,244,0,244
105,242,0,242
105,243,0,243
105,243,0,243
105,237,0,237
105,232,1,232
105,232,1,232
105,223,6,223
105,218,5,218
105,218,5,218
105,218,5,218
105,218,5,218
105,219,5,219
105,219,5,219
105,219,5,219
105,219,5,219
105,226,5,226
105,211,6,211
105,213,6,213
105,206,3,206
105,207,3,207
105,207,3,207
105,222,3,222
105,222,3,222
105,223,3,223
105,217,3,217
105,217,3,217
105,226,3,226
105,230,3,230
105,221,2,221
105,231,2,231
105,222,1,222
105,223,1,223
105,223,1,223
105,223,1,223
105,223,1,223
105,224,1,224
105,224,1,224
105,226,1,226
105,226,1,226
105,227,1,227
105,231,1,231
105,222,0,222
105,222,0,222
105,222,0,222
105,223,0,223
105,223,0,223
105,223,0,223
105,225,0,225
105,225,0,225
105,225,0,225
105,226,0,226
105,226,0,226
105,229,0,229
105,228,0,228
105,232,0,232
105,232,0,232
105,233,0,233
105,233,0,233
105,234,0,234
105,234,0,234
105,234,0,234
105,234,0,234
105,231,0,231
105,231,0,231
105,228,0,228
105,226,0,226
105,226,0,226
105,226,0,226
105,227,0,227
105,227,0,227
105,227,0,227
105,229,0,229
105,229,0,229
105,225,0,225
105,225,0,225
105,228,0,228
105,229,0,229
105,223,0,223
105,223,0,223
105,224,0,224
105,224,0,224
105,228,0,228
105,228,0,228
105,229,0,229
105,225,0,225
105,222,0,222
105,222,0,222
105,222,0,222
105,223,0,223
105,222,0,222
105,222,0,222
105,223,0,223
104,222,2,221
104,222,2,222
104,222,2,222
104,222,2,222
104,223,2,223
104,223,2,223
104,223,2,223
104,241,2,241
103,232,1,230
103,232,0,232
103,232,0,232
103,232,0,232
103,232,0,232
103,233,0,233
103,233,0,233
103,233,0,233
103,233,0,233
103,233,0,233
103,233,0,233
103,233,0,233
103,233,0,233
103,236,0,236
103,249,0,249
103,246,0,246
103,250,0,250
103,249,2,249
103,247,2,247
103,247,2,247
103,248,2,248
103,248,2,248
103,248,1,248
103,248,1,248
103,249,1,249
103,249,1,249
103,249,1,249
103,250,1,250
103,249,1,249
103,249,1,249
103,249,1,249
103,249,1,249
103,249,1,249
103,249,1,249
103,250,1,250
103,251,1,251
103,247,0,247
103,247,0,247
103,247,0,247
103,247,0,247
103,248,0,248
103,248,0,248
103,248,0,248
103,250,0,250
103,250,0,250
103,250,0,250
103,250,0,250
103,250,0,250
103,251,0,251
103,251,0,251
103,251,0,251
103,262,0,262
103,265,0,265
103,268,0,268
103,263,0,263
103,263,0,263
103,262,0,262
103,262,0,262
103,262,0,262
103,262,0,262
103,262,0,262
103,262,0,262
103,264,0,264
103,264,0,264
103,264,0,264
103,272,0,272
103,272,0,272
103,269,0,269
103,269,0,269
103,262,0,262
103,262,0,262
103,262,0,262
103,263,0,263
103,266,0,266
103,266,0,266
103,261,2,261
103,251,1,251
103,251,1,251
103,251,1,251
103,252,1,252
103,255,1,255
103,251,0,251
103,251,0,251
103,251,0,251
103,253,0,253
103,248,0,248
103,256,0,256
103,235,0,235
103,235,0,235
103,236,0,236
103,236,0,236
103,236,0,236
103,236,0,236
103,236,0,236
103,236,0,236
103,236,0,236
103,237,0,237
103,237,0,237
103,237,0,237
103,237,0,237
103,246,0,246
103,246,0,246
103,246,0,246
103,246,0,246
103,249,0,249
103,250,0,250
103,250,0,250
103,256,0,256
103,256,0,256
103,256,0,256
103,256,0,256
103,264,0,264
103,265,0,265
103,265,0,265
103,277,0,277
103,280,0,280
103,280,0,280
103,280,0,280
103,278,0,278
103,261,0,261
103,261,0,261
103,262,0,262
103,262,0,262
103,262,0,262
103,265,0,265
103,265,0,265
103,253,2,253
103,253,2,253
103,253,2,253
103,254,2,254
103,254,2,254
103,254,2,254
103,254,2,254
103,254,2,254
103,254,2,254
103,254,2,254
103,255,2,255
103,255,2,255
103,261,2,261
103,262,2,262
103,259,1,259
103,260,1,260
103,260,1,260
103,261,1,261
103,267,1,267
103,267,1,267
103,267,1,267
103,263,1,263
103,270,1,270
103,271,1,271
103,272,1,272
103,274,1,274
103,274,1,274
103,274,1,274
103,279,1,279
103,279,1,279
103,281,1,281
103,281,1,281
103,281,1,281
103,281,1,281
103,281,1,281
103,283,1,283
103,274,0,274
103,278,0,278
103,276,1,276
103,278,1,278
103,274,0,274
103,274,0,274
103,274,0,274
103,274,0,274
103,275,0,275
103,275,0,275
103,275,0,275
103,279,0,279
103,275,1,275
103,278,1,278
103,282,1,282
103,282,1,282
103,281,1,281
103,279,1,279
103,279,1,279
103,280,1,280
103,280,1,280
103,288,1,288
103,287,2,287
103,281,5,281
103,278,4,278
103,280,4,280
103,281,4,281
103,282,4,282
103,283,4,283
102,268,5,267
102,269,5,269
